<beans xmlns="http://www.springframework.org/schema/beans"
       xmlns:xsi="http://www.w3.org/2001/XMLSchema-instance"
       xsi:schemaLocation="
        http://www.springframework.org/schema/beans http://www.springframework.org/schema/beans/spring-beans.xsd">
    <bean id="st" class="org.example.Student">

    </bean>
    <bean id="fun" class="org.example.SpringBoot">

    </bean>
    <bean id="ultraraw" class="org.example.ultra">

    </bean>
    <bean id="tc2" class="org.example.taskclass2">

    </bean>
    <bean id="tc3" class="org.example.taskclass3">

    </bean>

</beans>